atom,aa,class
N,ALA,N
N,ARG,N
N,ASN,N
N,ASP,N
N,CYS,N
N,GLU,N
N,GLB,N
N,GLY,N
N,HIS,N
N,ILE,N
N,LEU,N
N,LYS,N
N,MET,N
N,PHE,N
N,PRO,N
N,SER,N
N,THR,N
N,TRP,N
N,TYR,N
N,VAL,N
CA,ALA,CA
CA,ARG,CA
CA,ASN,CA
CA,ASP,CA
CA,CYS,CA
CA,GLU,CA
CA,GLN,CA
CA,GLY,GCA
CA,HIS,CA
CA,ILE,CA
CA,LEU,CA
CA,LYS,CA
CA,MET,CA
CA,PHE,CA
CA,PRO,CA
CA,SER,CA
CA,THR,CA
CA,TRP,CA
CA,TYR,CA
CA,VAL,CA
C,ALA,C
C,ARG,C
C,ASN,C
C,ASP,C
C,CYS,C
C,GLU,C
C,GLB,C
C,GLY,C
C,HIS,C
C,ILE,C
C,LEU,C
C,LYS,C
C,MET,C
C,PHE,C
C,PRO,C
C,SER,C
C,THR,C
C,TRP,C
C,TYR,C
C,VAL,C
O,ALA,O
O,ARG,O
O,ASN,O
O,ASP,O
O,CYS,O
O,GLU,O
O,GLB,O
O,GLY,O
O,HIS,O
O,ILE,O
O,LEU,O
O,LYS,O
O,MET,O
O,PHE,O
O,PRO,O
O,SER,O
O,THR,O
O,TRP,O
O,TYR,O
O,VAL,O
CB,ALA,CB
CB,ARG,CB
CB,ASN,CB
CB,ASP,CB
CB,CYS,CB
CB,GLN,CB
CB,GLU,CB
CB,HIS,CB
CB,ILE,CB
CB,LEU,CB
CB,LYS,CB
CB,MET,CB
CB,PHE,CB
CB,PRO,CB
CG,PRO,CB
CD,PRO,CB
CB,THR,CB
CB,TRP,CB
CB,TYR,CB
CB,VAL,CB
CE,LYS,KNZ
NZ,LYS,KNZ
CD,LYS,KCD
CG,ASP,DOD
OD1,ASP,DOD
OD2,ASP,DOD
CD,GLU,DOD
OE1,GLU,DOD
OE2,GLU,DOD
CZ,ARG,RNH
NH1,ARG,RNH
NH2,ARG,RNH
CG,ASN,NND
OD1,ASN,NND
ND2,ASN,NND
CD,GLN,NND
OE1,GLN,NND
NE2,GLN,NND
CD,ARG,RNE
NE,ARG,RNE
CB,SER,SOG
OG,SER,SOG
OG1,THR,SOG
OH,TYR,SOG
CG,HIS,HN
ND1,HIS,HN
CD2,HIS,HN
CE1,HIS,HN
NE2,HIS,HN
NE1,TRP,HN
CE1,TYR,YCZ
CE2,TYR,YCZ
CZ,TYR,YCZ
CG,ARG,FCZ
CG,GLN,FCZ
CG,GLU,FCZ
CG1,ILE,FCZ
CG,LEU,FCZ
CG,LYS,FCZ
CG,MET,FCZ
SD,MET,FCZ
CG,PHE,FCZ
CD1,PHE,FCZ
CD2,PHE,FCZ
CE1,PHE,FCZ
CE2,PHE,FCZ
CZ,PHE,FCZ
CG2,THR,FCZ
CG,TRP,FCZ
CD1,TRP,FCZ
CD2,TRP,FCZ
CE2,TRP,FCZ
CE3,TRP,FCZ
CZ2,TRP,FCZ
CZ3,TRP,FCZ
CH2,TRP,FCZ
CG,TYR,FCZ
CD1,TYR,FCZ
CD2,TYR,FCZ
CG2,ILE,LCD
CD,ILE,LCD
CD1,LEU,LCD
CD2,LEU,LCD
CE,MET,LCD
CG1,VAL,LCD
CG2,VAL,LCD
SG,CYS,CSG
