residue,atom,replace
CYS,1HB,HB
CYS,2HB,HB
CYS,H,HN
NMET,1HB,HB
NMET,1HE,HE
NMET,1HG,HG
NMET,2HB,HB
NMET,2HE,HE
NMET,2HG,HG
NMET,3HE,HE
NMET,H1,HN
NMET,H2,HN
NMET,H3,HN
ASP,1HB,HB
ASP,2HB,HB
ASP,H,HN
ASP,OD1,OD
ASP,OD2,OD
SER,1HB,HB
SER,2HB,HB
SER,H,HN
GLN,1HB,HB
GLN,1HE2,HE2
GLN,1HG,HG
GLN,2HB,HB
GLN,2HE2,HE2
GLN,2HG,HG
GLN,H,HN
LYS,1HB,HB
LYS,1HD,HD
LYS,1HE,HE
LYS,1HG,HG
LYS,1HZ,HZ
LYS,2HB,HB
LYS,2HD,HD
LYS,2HE,HE
LYS,2HG,HG
LYS,2HZ,HZ
LYS,3HZ,HZ
LYS,H,HN
ILE,1HD1,HD
ILE,1HG1,HG1
ILE,1HG2,HG2
ILE,2HD1,HD
ILE,2HG1,HG1
ILE,2HG2,HG2
ILE,3HD1,HD
ILE,3HG2,HG2
ILE,CD1,CD
ILE,H,HN
PRO,1HB,HB
PRO,1HD,HD
PRO,1HG,HG
PRO,2HB,HB
PRO,2HD,HD
PRO,2HG,HG
THR,1HG2,HG2
THR,2HG2,HG2
THR,3HG2,HG2
THR,H,HN
PHE,1HB,HB
PHE,2HB,HB
PHE,CD1,CD
PHE,CD2,CD
PHE,CE1,CE
PHE,CE2,CE
PHE,H,HN
PHE,HD1,HD
PHE,HD2,HD
PHE,HE1,HE
PHE,HE2,HE
ALA,1HB,HB
ALA,2HB,HB
ALA,3HB,HB
ALA,H,HN
GLY,1HA,HA
GLY,2HA,HA
GLY,H,HN
HIS,1HB,HB
HIS,2HB,HB
HIS,H,HN
GLU,1HB,HB
GLU,1HG,HG
GLU,2HB,HB
GLU,2HG,HG
GLU,H,HN
GLU,OE1,OE
GLU,OE2,OE
LEU,1HB,HB
LEU,1HD1,HD
LEU,1HD2,HD2
LEU,2HB,HB
LEU,2HD1,HD
LEU,2HD2,HD2
LEU,3HD1,HD
LEU,3HD2,HD2
LEU,H,HN
ARG,1HB,HB
ARG,1HD,HD
ARG,1HG,HG
ARG,1HH1,HH
ARG,1HH2,HH
ARG,2HB,HB
ARG,2HD,HD
ARG,2HG,HG
ARG,2HH1,HH
ARG,2HH2,HH
ARG,H,HN
ARG,NH1,NH
ARG,NH2,NH
TRP,1HB,HB
TRP,2HB,HB
TRP,H,HN
VAL,1HG1,HG1
VAL,1HG2,HG2
VAL,2HG1,HG1
VAL,2HG2,HG2
VAL,3HG1,HG1
VAL,3HG2,HG2
VAL,H,HN
ASN,1HB,HB
ASN,1HD2,HD2
ASN,2HB,HB
ASN,2HD2,HD2
ASN,H,HN
TYR,1HB,HB
TYR,2HB,HB
TYR,CD1,CD
TYR,CD2,CD
TYR,CE1,CE
TYR,CE2,CE
TYR,H,HN
TYR,HD1,HD
TYR,HD2,HD
TYR,HE1,HE
TYR,HE2,HE
MET,1HB,HB
MET,1HE,HE
MET,1HG,HG
MET,2HB,HB
MET,2HE,HE
MET,2HG,HG
MET,3HE,HE
MET,H,HN
